<?xml version="1.0"?>
<Object>
  <RandomLimits>
    <ScaleAllMin>0.8</ScaleAllMin>
    <ScaleAllMax>1.2</ScaleAllMax>
    <Rotation x="5" y="180" z="5" />
    <PlantableDepth>3.046174E-05</PlantableDepth>
  </RandomLimits>
  <Collisions>False</Collisions>
  <LODIn>0</LODIn>
  <LODOut>400</LODOut>
  <SeparationGroup>Grass</SeparationGroup>
  <SeparationMinDistance>1</SeparationMinDistance>
  <PolyLists>
    <PolyList>
      <Material Path="Objects\Grass\RacedayGrass" />
      <Vertices>
        <Positions><![CDATA[6.711974E-08 0.27481 0.2013665 3.671424E-08 0.27481 -0.2013665 8.976911E-08 -0.02519003 0.2013665 5.936361E-08 -0.02519003 -0.2013665 0.2013666 0.244886 -3.657451E-08 0.2013666 -0.02519004 -1.520276E-08 -0.2013665 -0.02519003 3.657449E-08 -0.2013665 0.2448861 1.520274E-08 ]]></Positions>
        <Normals><![CDATA[0 1 0 0 1 0 0 1 0 0 1 0 0 1 0 0 1 0 0 1 0 0 1 0 ]]></Normals>
        <UV0><![CDATA[0.9503325 -0.4683585 0.6486636 -0.4683589 0.9503325 -0.2810944 0.6486635 -0.2810944 0.6486636 -0.4683589 0.6486635 -0.2810944 0.9503325 -0.2810944 0.9503325 -0.4683585 ]]></UV0>
      </Vertices>
      <FaceIndices IsAntiClockwise="True"><![CDATA[0 1 2 2 1 3 4 5 6 4 6 7 0 2 1 2 3 1 4 6 5 4 7 6 ]]></FaceIndices>
    </PolyList>
  </PolyLists>
  <CutPolys />
</Object>