<?xml version="1.0"?>
<Object>
  <RandomLimits>
    <ScaleAllMin>0.8</ScaleAllMin>
    <ScaleAllMax>1.2</ScaleAllMax>
    <Rotation x="5" y="180" z="5" />
    <PlantableDepth>3.046174E-05</PlantableDepth>
  </RandomLimits>
  <Collisions>False</Collisions>
  <LODIn>0</LODIn>
  <LODOut>400</LODOut>
  <SeparationGroup>Grass</SeparationGroup>
  <SeparationMinDistance>1</SeparationMinDistance>
  <PolyLists>
    <PolyList>
      <Material Path="Objects\Grass\RacedayGrass" />
      <Vertices>
        <Positions><![CDATA[9.311812E-08 0.2565562 0.5457256 1.762022E-08 0.2565562 -0.4542744 1.157675E-07 -0.01690738 0.5457256 4.026959E-08 -0.01690738 -0.4542744 0.5000001 0.2830926 -8.256573E-08 0.5000001 -0.01690738 -8.256573E-08 -0.4999999 -0.01690738 8.256573E-08 -0.5 0.2830926 8.256573E-08 ]]></Positions>
        <Normals><![CDATA[0 1 0 0 1 0 0 1 0 0 1 0 0 1 0 0 1 0 0 1 0 0 1 0 ]]></Normals>
        <UV0><![CDATA[0.9208853 -0.7035606 0.0319889 -0.7035609 0.9208853 -0.5237268 0.03198878 -0.5237268 0.02554226 -0.7038615 0.02554214 -0.5234261 0.9174107 -0.5234261 0.9174107 -0.7038612 ]]></UV0>
      </Vertices>
      <FaceIndices IsAntiClockwise="True"><![CDATA[0 1 2 2 1 3 4 5 6 4 6 7 0 2 1 2 3 1 4 6 5 4 7 6 ]]></FaceIndices>
    </PolyList>
  </PolyLists>
  <CutPolys />
</Object>