<?xml version="1.0"?>
<Object>
  <RandomLimits>
    <ScaleAllMin>0.8</ScaleAllMin>
    <ScaleAllMax>1.2</ScaleAllMax>
    <Rotation x="5" y="180" z="5" />
    <PlantableDepth>3.046174E-05</PlantableDepth>
  </RandomLimits>
  <Collisions>False</Collisions>
  <LODIn>0</LODIn>
  <LODOut>400</LODOut>
  <SeparationGroup>Grass</SeparationGroup>
  <SeparationMinDistance>1</SeparationMinDistance>
  <PolyLists>
    <PolyList>
      <Material Path="Objects\Grass\RacedayGrass" />
      <Vertices>
        <Positions><![CDATA[8.966594E-08 0.2852498 0.5 1.416804E-08 0.2852498 -0.5 1.123153E-07 -0.01475018 0.5 3.681741E-08 -0.01475018 -0.5 ]]></Positions>
        <Normals><![CDATA[0 1 0 0 1 0 0 1 0 0 1 0 ]]></Normals>
        <UV0><![CDATA[0.9416513 -0.9369584 0.07075042 -0.9369587 0.9416513 -0.7468901 0.07075028 -0.7468901 ]]></UV0>
      </Vertices>
      <FaceIndices IsAntiClockwise="True"><![CDATA[0 1 2 2 1 3 0 2 1 2 3 1 ]]></FaceIndices>
    </PolyList>
  </PolyLists>
  <CutPolys />
</Object>