<?xml version="1.0"?>
<XPack>
  <Author>Brendon</Author>
  <Date>22 Oct 2015</Date>
  <Description>Race track specific textures and materials. Thanks to Eric Tozer for the colourful Cone textures!</Description>
  <IsThemePack>True</IsThemePack>
  <DefaultTrackMaterials>
    <Material>Road\TarmacLight</Material>
    <Material>Road\TarmacDark</Material>
    <Material>Road\TarmacLightAC</Material>
    <Material>Road\TarmacDarkAC</Material>
  </DefaultTrackMaterials>
  <DefaultTerrainMaterials>
    <Material>Ground\Grass01</Material>
    <Material>Ground\Grass02</Material>
    <Material>Ground\Grass03</Material>
    <Material>Ground\Sand01</Material>
    <Material>Ground\Sand02</Material>
  </DefaultTerrainMaterials>
</XPack>