<?xml version="1.0"?>
<CrossSection Name="" Path="Raceday\CrossSections\Wall\Cement\CementRedWhite" Group="Cement" ForRoad="False" RollStrength="0.2" PanelLength="3">
  <SurfaceShape RoadLeft="0" RoadRight="0" Points="4">
    <Point Selected="True">
      <Position x="-0.22" y="-0.1" z="0" />
    </Point>
    <Point Selected="True">
      <Position x="-0.18" y="1.3" z="0" />
    </Point>
    <Point Selected="True">
      <Position x="0.18" y="1.3" z="0" />
    </Point>
    <Point Selected="True">
      <Position x="0.22" y="-0.1" z="0" />
    </Point>
  </SurfaceShape>
  <EndCap>
    <EndCapPolys>
      <Poly MaterialPath="Objects\Walls\Barriers">
        <texture_coordinate>
          <Angle>0</Angle>
          <scale x="0.7142857" y="0.7142857" />
          <offset x="0.5" y="0.07142857" />
        </texture_coordinate>
        <EndCapPoints>
          <Point ShapePoint="0">
            <UV x="0.3428572" y="1.142857" />
          </Point>
          <Point ShapePoint="1">
            <UV x="0.3714286" y="0.1428572" />
          </Point>
          <Point ShapePoint="2">
            <UV x="0.6285715" y="0.1428572" />
          </Point>
          <Point ShapePoint="3">
            <UV x="0.6571428" y="1.142857" />
          </Point>
        </EndCapPoints>
      </Poly>
    </EndCapPolys>
  </EndCap>
  <SurfaceMaterials>
    <SurfaceMaterial MaterialPath="Objects\Walls\Barriers">
      <PerMeterCoverage>6</PerMeterCoverage>
      <ApplicationType>PerMeter</ApplicationType>
      <StartPoint>2</StartPoint>
      <EndPoint>3</EndPoint>
      <texture_coordinate>
        <Angle>90</Angle>
        <scale x="2" y="1" />
        <offset x="0" y="0" />
      </texture_coordinate>
    </SurfaceMaterial>
    <SurfaceMaterial Selected="True" MaterialPath="Objects\Walls\Barriers">
      <PerMeterCoverage>6</PerMeterCoverage>
      <ApplicationType>PerMeter</ApplicationType>
      <StartPoint>0</StartPoint>
      <EndPoint>1</EndPoint>
      <texture_coordinate>
        <Angle>90</Angle>
        <scale x="2" y="1" />
        <offset x="0" y="0" />
      </texture_coordinate>
    </SurfaceMaterial>
    <SurfaceMaterial MaterialPath="Objects\Walls\Barriers">
      <PerMeterCoverage>6</PerMeterCoverage>
      <ApplicationType>PerMeter</ApplicationType>
      <StartPoint>1</StartPoint>
      <EndPoint>2</EndPoint>
      <texture_coordinate>
        <Angle>90</Angle>
        <scale x="4" y="1" />
        <offset x="0" y="0" />
      </texture_coordinate>
    </SurfaceMaterial>
  </SurfaceMaterials>
</CrossSection>