<?xml version="1.0"?>
<Object>
  <IsComplexObject>True</IsComplexObject>
  <Hierarcy>
    <HierarcyObject>
      <BObjectPath>Objects\Buildings\Hires\Medium\Office 4 hr</BObjectPath>
      <Scale x="1" y="1" z="1" />
      <Rotation x="0" y="0" z="0" />
      <Translation x="0" y="0" z="0" />
    </HierarcyObject>
    <HierarcyObject>
      <BObjectPath>Objects\Buildings\Lores\Medium\Office 4 lr</BObjectPath>
      <Scale x="1" y="1" z="1" />
      <Rotation x="0" y="0" z="0" />
      <Translation x="0" y="0" z="0" />
    </HierarcyObject>
    <HierarcyObject>
      <BObjectPath>Objects\Buildings\Collision\Medium\Office 4 Coll</BObjectPath>
      <Scale x="1" y="1" z="1" />
      <Rotation x="0" y="0" z="0" />
      <Translation x="0" y="0" z="0" />
    </HierarcyObject>
  </Hierarcy>
  <Collisions>False</Collisions>
  <LODIn>0</LODIn>
  <LODOut>2000</LODOut>
  <SeparationGroup>Building - Office</SeparationGroup>
  <SeparationMinDistance>0</SeparationMinDistance>
  <PolyLists />
  <CutPolys />
</Object>