<?xml version="1.0"?>
<XPack>
  <Author>Nobby</Author>
  <Date>31 Aug 2016</Date>
  <Description>City Streets contains numerous Buildings, Roads, Sidewalks, Paint lines, Cats eyes and much more.</Description>
  <IsThemePack>True</IsThemePack>
  <DefaultTrackMaterials>
    <Material>Roads\Tarmac Dark AC</Material>
    <Material>Roads\Tarmac Light AC</Material>
    <Material>Roads\Tarmac Old AC</Material>
    <Material>Roads\Tarmac Dark</Material>
    <Material>Roads\Tarmac Light</Material>
    <Material>Roads\Tarmac Old</Material>
  </DefaultTrackMaterials>
  <DefaultTerrainMaterials>
    <Material>Ground\Grass</Material>
    <Material>Ground\Concrete 1</Material>
    <Material>Ground\Concrete 2</Material>
    <Material>Ground\Dirt 1</Material>
    <Material>Ground\Dirt 2</Material>
  </DefaultTerrainMaterials>
</XPack>