<?xml version="1.0"?>
<CrossSection Name="" Path="City Streets\CrossSections\Roads\1 Lane\Tarmac Old AC" ForRoad="True" RollStrength="0" PanelLength="1">
  <SurfaceShape RoadLeft="2" RoadRight="14" Points="17">
    <Point Reduce="True" Selected="False" Grounded="0.5">
      <Position x="-4.496873" y="0.0006424859" z="0" />
    </Point>
    <Point Reduce="True" Selected="False" Grounded="0.35">
      <Position x="-3.50087" y="0" z="0" />
    </Point>
    <Point Selected="False">
      <Position x="-2.514783" y="1.396984E-09" z="0" />
    </Point>
    <Point Selected="False">
      <Position x="-1.995942" y="0" z="0" />
    </Point>
    <Point Selected="False">
      <Position x="-1.498551" y="0" z="0" />
    </Point>
    <Point Selected="False">
      <Position x="-1.001159" y="0" z="0" />
    </Point>
    <Point Selected="False">
      <Position x="-0.5037681" y="0" z="0" />
    </Point>
    <Point Selected="False">
      <Position x="-0.1030904" y="0.0005326728" z="0" />
    </Point>
    <Point Selected="False">
      <Position x="-7.799827E-09" y="0.004964676" z="0" />
    </Point>
    <Point Selected="False">
      <Position x="0.1033453" y="0.0005326728" z="0" />
    </Point>
    <Point Selected="False">
      <Position x="0.5037681" y="0" z="0" />
    </Point>
    <Point Selected="False">
      <Position x="1.001159" y="0" z="0" />
    </Point>
    <Point Selected="False">
      <Position x="1.485797" y="0" z="0" />
    </Point>
    <Point Selected="False">
      <Position x="2.002319" y="0" z="0" />
    </Point>
    <Point Selected="False">
      <Position x="2.495652" y="1.722947E-08" z="0" />
    </Point>
    <Point Reduce="True" Selected="False" Grounded="0.35">
      <Position x="3.50087" y="0" z="0" />
    </Point>
    <Point Reduce="True" Selected="False" Grounded="0.5">
      <Position x="4.489855" y="0" z="0" />
    </Point>
  </SurfaceShape>
  <SurfaceMaterials>
    <SurfaceMaterial UseTerrainAsMaterial="True">
      <StartPoint>0</StartPoint>
      <EndPoint>2</EndPoint>
      <texture_coordinate>
        <Angle>0</Angle>
        <scale x="1" y="1" />
        <offset x="0" y="0" />
      </texture_coordinate>
    </SurfaceMaterial>
    <SurfaceMaterial MaterialPath="Roads\Tarmac Old AC">
      <PerMeterCoverage>5</PerMeterCoverage>
      <ApplicationType>PerMeter</ApplicationType>
      <StartPoint>2</StartPoint>
      <EndPoint>14</EndPoint>
      <texture_coordinate>
        <Angle>0</Angle>
        <scale x="1" y="1" />
        <offset x="0" y="0" />
      </texture_coordinate>
    </SurfaceMaterial>
    <SurfaceMaterial UseTerrainAsMaterial="True">
      <StartPoint>14</StartPoint>
      <EndPoint>16</EndPoint>
      <texture_coordinate>
        <Angle>0</Angle>
        <scale x="1" y="1" />
        <offset x="0" y="0" />
      </texture_coordinate>
    </SurfaceMaterial>
  </SurfaceMaterials>
</CrossSection>