<?xml version="1.0"?>
<material>
  <Purpose>1</Purpose>
  <DefaultApplicationType>Global</DefaultApplicationType>
  <PerMeterCoverage>12</PerMeterCoverage>
  <SpecularPower>1</SpecularPower>
  <SpecularColor R="120" G="150" B="130" />
  <GameSurface>grass</GameSurface>
  <ShaderType>DiffuseMultiplyAdd</ShaderType>
  <TransparencyType>None</TransparencyType>
  <TransparencyChromaColor R="0" G="255" B="255" />
  <DiffMap>
    <Path>Ground\Grass03.dds</Path>
    <texture_coordinate>
      <Angle>67</Angle>
      <scale x="5" y="5" />
      <offset x="0" y="0" />
    </texture_coordinate>
    <MIPBias>0</MIPBias>
    <ForceGlobalMapping>true</ForceGlobalMapping>
  </DiffMap>
  <AddMap>
    <Path>Ground\Ground_add.dds</Path>
    <texture_coordinate>
      <Angle>17</Angle>
      <scale x="294" y="294" />
      <offset x="0" y="0" />
    </texture_coordinate>
    <MIPBias>0</MIPBias>
    <ForceGlobalMapping>true</ForceGlobalMapping>
  </AddMap>
  <MultiMap>
    <Path>Ground\Ground_multi.dds</Path>
    <texture_coordinate>
      <Angle>56</Angle>
      <scale x="476" y="476" />
      <offset x="0" y="0" />
    </texture_coordinate>
    <MIPBias>0</MIPBias>
    <ForceGlobalMapping>true</ForceGlobalMapping>
  </MultiMap>
</material>