<?xml version="1.0"?>
<CrossSection Name="" Path="City Streets\CrossSections\Roads\3 Lane\Tarmac Old AC" ForRoad="True" RollStrength="0" PanelLength="1">
  <SurfaceShape RoadLeft="2" RoadRight="38" Points="41">
    <Point Reduce="True" Selected="False" Grounded="0.5">
      <Position x="-9.49928" y="0.003559148" z="0" />
    </Point>
    <Point Reduce="True" Selected="False" Grounded="0.35">
      <Position x="-8.503293" y="0.002916662" z="0" />
    </Point>
    <Point Selected="False">
      <Position x="-7.517218" y="0.002916662" z="0" />
    </Point>
    <Point Selected="False">
      <Position x="-6.998367" y="0.002916662" z="0" />
    </Point>
    <Point Selected="False">
      <Position x="-6.500964" y="0.002916662" z="0" />
    </Point>
    <Point Selected="False">
      <Position x="-6.003572" y="0.002916662" z="0" />
    </Point>
    <Point Selected="False">
      <Position x="-5.506181" y="0.002916662" z="0" />
    </Point>
    <Point Selected="False">
      <Position x="-5.105505" y="0.002642927" z="0" />
    </Point>
    <Point Selected="False">
      <Position x="-5.002416" y="0.007074931" z="0" />
    </Point>
    <Point Selected="False">
      <Position x="-4.899071" y="0.002642927" z="0" />
    </Point>
    <Point Selected="False">
      <Position x="-4.498651" y="0.002916662" z="0" />
    </Point>
    <Point Selected="False">
      <Position x="-4.001254" y="0.002916662" z="0" />
    </Point>
    <Point Selected="False">
      <Position x="-3.516614" y="0.002916662" z="0" />
    </Point>
    <Point Selected="False">
      <Position x="-3.000091" y="0.002916662" z="0" />
    </Point>
    <Point Selected="False">
      <Position x="-2.505843" y="0.003128713" z="0" />
    </Point>
    <Point Selected="False">
      <Position x="-2.008494" y="0.003044186" z="0" />
    </Point>
    <Point Selected="False">
      <Position x="-1.501551" y="0.003044186" z="0" />
    </Point>
    <Point Selected="False">
      <Position x="-1.003996" y="0.003044186" z="0" />
    </Point>
    <Point Selected="False">
      <Position x="-0.5064403" y="0.003044186" z="0" />
    </Point>
    <Point Selected="False">
      <Position x="-0.1020481" y="0.003044186" z="0" />
    </Point>
    <Point Selected="False">
      <Position x="0.0005012432" y="0.008181029" z="0" />
    </Point>
    <Point Selected="False">
      <Position x="0.09798753" y="0.003044186" z="0" />
    </Point>
    <Point Selected="False">
      <Position x="0.4980577" y="0.003044186" z="0" />
    </Point>
    <Point Selected="False">
      <Position x="0.9862259" y="0.003044186" z="0" />
    </Point>
    <Point Selected="False">
      <Position x="1.493166" y="0.003044186" z="0" />
    </Point>
    <Point Selected="False">
      <Position x="2.000107" y="0.003044186" z="0" />
    </Point>
    <Point Selected="False">
      <Position x="2.496687" y="0.003843685" z="0" />
    </Point>
    <Point Selected="False">
      <Position x="2.993654" y="0.003843685" z="0" />
    </Point>
    <Point Selected="False">
      <Position x="3.49934" y="0.003843685" z="0" />
    </Point>
    <Point Selected="False">
      <Position x="3.996306" y="0.003843685" z="0" />
    </Point>
    <Point Selected="False">
      <Position x="4.495106" y="0.003402251" z="0" />
    </Point>
    <Point Selected="False">
      <Position x="4.902304" y="0.003035706" z="0" />
    </Point>
    <Point Selected="False">
      <Position x="5.003724" y="0.008089872" z="0" />
    </Point>
    <Point Selected="False">
      <Position x="5.098005" y="0.003035706" z="0" />
    </Point>
    <Point Selected="False">
      <Position x="5.503147" y="0.003528591" z="0" />
    </Point>
    <Point Selected="False">
      <Position x="5.995754" y="0.003528591" z="0" />
    </Point>
    <Point Selected="False">
      <Position x="6.49708" y="0.003528591" z="0" />
    </Point>
    <Point Selected="False">
      <Position x="6.998406" y="0.003528591" z="0" />
    </Point>
    <Point Selected="False">
      <Position x="7.49753" y="0.003184706" z="0" />
    </Point>
    <Point Reduce="True" Selected="False" Grounded="0.35">
      <Position x="8.502735" y="0.003184691" z="0" />
    </Point>
    <Point Reduce="True" Selected="True" Grounded="0.5">
      <Position x="9.496006" y="0.004200284" z="0" />
    </Point>
  </SurfaceShape>
  <SurfaceMaterials>
    <SurfaceMaterial UseTerrainAsMaterial="True">
      <StartPoint>0</StartPoint>
      <EndPoint>2</EndPoint>
      <texture_coordinate>
        <Angle>0</Angle>
        <scale x="1" y="1" />
        <offset x="0" y="0" />
      </texture_coordinate>
    </SurfaceMaterial>
    <SurfaceMaterial MaterialPath="Roads\Tarmac Old AC">
      <PerMeterCoverage>5</PerMeterCoverage>
      <ApplicationType>PerMeter</ApplicationType>
      <StartPoint>2</StartPoint>
      <EndPoint>14</EndPoint>
      <texture_coordinate>
        <Angle>0</Angle>
        <scale x="1" y="1" />
        <offset x="0" y="0" />
      </texture_coordinate>
    </SurfaceMaterial>
    <SurfaceMaterial MaterialPath="Roads\Tarmac Old AC">
      <PerMeterCoverage>5</PerMeterCoverage>
      <ApplicationType>PerMeter</ApplicationType>
      <StartPoint>14</StartPoint>
      <EndPoint>26</EndPoint>
      <texture_coordinate>
        <Angle>0</Angle>
        <scale x="1" y="1" />
        <offset x="0" y="0" />
      </texture_coordinate>
    </SurfaceMaterial>
    <SurfaceMaterial MaterialPath="Roads\Tarmac Old AC">
      <PerMeterCoverage>5</PerMeterCoverage>
      <ApplicationType>PerMeter</ApplicationType>
      <StartPoint>26</StartPoint>
      <EndPoint>38</EndPoint>
      <texture_coordinate>
        <Angle>0</Angle>
        <scale x="1" y="1" />
        <offset x="0" y="0" />
      </texture_coordinate>
    </SurfaceMaterial>
    <SurfaceMaterial UseTerrainAsMaterial="True">
      <StartPoint>38</StartPoint>
      <EndPoint>40</EndPoint>
      <texture_coordinate>
        <Angle>0</Angle>
        <scale x="1" y="1" />
        <offset x="0" y="0" />
      </texture_coordinate>
    </SurfaceMaterial>
  </SurfaceMaterials>
</CrossSection>