<?xml version="1.0"?>
<SObject>
  <SObjectType>Fence - Hi Detail</SObjectType>
  <Description>Brick Wall</Description>
  <LODIn>0</LODIn>
  <LODOut>1000</LODOut>
  <Start>
    <Pieces>
      <Piece>
        <Object>SObjects\Fences\Fence 6 start</Object>
        <CurveWithLine>True</CurveWithLine>
        <Scale x="1" y="1" z="1" />
      </Piece>
    </Pieces>
  </Start>
  <Pattern>
    <Pieces>
      <Piece>
        <Object>SObjects\Fences\Fence 6 pattern</Object>
        <CurveWithLine>True</CurveWithLine>
        <Scale x="1" y="1" z="1" />
      </Piece>
    </Pieces>
  </Pattern>
  <End />
</SObject>