<?xml version="1.0"?>
<SObject>
  <SObjectType>Fence - Hi Detail</SObjectType>
  <LODIn>0</LODIn>
  <LODOut>1000</LODOut>
  <Start>
    <Pieces>
      <Piece>
        <Object>SObjects\Fences\Fence 4 start</Object>
        <GroundedType>None</GroundedType>
        <CurveWithLine>True</CurveWithLine>
        <Scale x="1" y="1" z="1" />
      </Piece>
    </Pieces>
  </Start>
  <Pattern>
    <Pieces>
      <Piece>
        <Object>SObjects\Fences\Fence 4 pattern</Object>
        <GroundedType>None</GroundedType>
        <CurveWithLine>False</CurveWithLine>
        <Scale x="1" y="1" z="1" />
      </Piece>
    </Pieces>
  </Pattern>
  <End>
    <Pieces>
      <Piece>
        <Object>SObjects\Fences\Fence 4 end</Object>
        <GroundedType>None</GroundedType>
        <CurveWithLine>True</CurveWithLine>
        <Scale x="1" y="1" z="1" />
      </Piece>
    </Pieces>
  </End>
</SObject>