<?xml version="1.0"?>
<SObject>
  <SObjectType>Fence - Low Detail</SObjectType>
  <Description>Simple brown wooden fence</Description>
  <LODIn>0</LODIn>
  <LODOut>1000</LODOut>
  <Start />
  <Pattern>
    <Pieces>
      <Piece>
        <Object>SObjects\Fences\Fence 3 Low</Object>
        <GroundedType>None</GroundedType>
        <CurveWithLine>False</CurveWithLine>
        <Scale x="1" y="1" z="1" />
        <Rotation x="0" y="1.570796" z="0" />
      </Piece>
    </Pieces>
  </Pattern>
  <End />
</SObject>