<?xml version="1.0"?>
<SObject Driveable="True">
  <SObjectType>Rumble Strip</SObjectType>
  <Description>Saw Red Yellow Right</Description>
  <LODIn>0</LODIn>
  <LODOut>1000</LODOut>
  <Start />
  <Pattern>
    <Pieces>
      <Piece>
        <Object>Rumble\SawRedRight</Object>
        <GroundedType>Vertices</GroundedType>
        <CurveWithLine>True</CurveWithLine>
        <Scale x="1" y="1" z="1" />
      </Piece>
      <Piece>
        <Object>Rumble\SawYellowRight</Object>
        <CurveWithLine>True</CurveWithLine>
        <Scale x="1" y="1" z="1" />
      </Piece>
    </Pieces>
  </Pattern>
  <End />
</SObject>