<?xml version="1.0"?>
<SObject>
  <SObjectType>Building</SObjectType>
  <Description>open pit</Description>
  <LODIn>0</LODIn>
  <LODOut>1000</LODOut>
  <Start>
    <Pieces>
      <Piece>
        <Object>Buildings\Pit 2 Start</Object>
        <GroundedType>None</GroundedType>
        <CurveWithLine>True</CurveWithLine>
        <Scale x="1" y="1" z="1" />
      </Piece>
    </Pieces>
  </Start>
  <Pattern>
    <Pieces>
      <Piece>
        <Object>Buildings\Pit 2 Open</Object>
        <GroundedType>None</GroundedType>
        <CurveWithLine>True</CurveWithLine>
        <Scale x="1" y="1" z="1" />
      </Piece>
    </Pieces>
  </Pattern>
  <End />
</SObject>