<?xml version="1.0"?>
<SObject>
  <SObjectType>PaintLines</SObjectType>
  <LODIn>0</LODIn>
  <LODOut>1000</LODOut>
  <Start />
  <Pattern>
    <Pieces>
      <Piece>
        <Object>SObjects\Lines\Yellow\Single</Object>
        <GroundedType>Vertices</GroundedType>
        <CurveWithLine>True</CurveWithLine>
        <Scale x="1" y="1" z="1" />
        <Rotation x="0" y="1.570796" z="0" />
        <Translate x="0" y="0.005" z="0" />
      </Piece>
    </Pieces>
  </Pattern>
  <End />
</SObject>