<?xml version="1.0"?>
<Object>
  <Collisions>False</Collisions>
  <LODIn>0</LODIn>
  <LODOut>2000</LODOut>
  <PolyLists>
    <PolyList>
      <Material Path="SObjects\Fence\Wooden Paling" />
      <Vertices>
        <Positions><![CDATA[0.01 1.7 1 0 0 -1 0 0 1 0.01 1.7 -1 ]]></Positions>
        <Normals><![CDATA[1 0 0 1 0 0 1 0 0 1 0 0 ]]></Normals>
        <UV0><![CDATA[1 -1 0 0 1 0 0 -1 ]]></UV0>
      </Vertices>
      <FaceIndices IsAntiClockwise="True"><![CDATA[0 1 2 1 0 3 0 2 1 1 3 0 ]]></FaceIndices>
    </PolyList>
  </PolyLists>
  <CutPolys />
</Object>