<?xml version="1.0"?>
<SObject>
  <SObjectType>Lights</SObjectType>
  <Description>A string of street lights</Description>
  <LODIn>0</LODIn>
  <LODOut>1000</LODOut>
  <Start />
  <Pattern>
    <Pieces>
      <Piece SpaceAfter="30">
        <Object>Objects\Other Items\Lights\Street Light 1</Object>
        <CurveWithLine>False</CurveWithLine>
        <Scale x="1" y="1" z="1" />
        <Rotation x="0" y="1.570796" z="0" />
      </Piece>
    </Pieces>
  </Pattern>
  <End />
</SObject>