<?xml version="1.0"?>
<CrossSection Name="" Path="City Streets\CrossSections\Roads\2 Lane\Tarmac Light" ForRoad="True" RollStrength="0" PanelLength="1">
  <SurfaceShape RoadLeft="2" RoadRight="22" Points="25">
    <Point Reduce="True" Selected="False" Grounded="0.5">
      <Position x="-6.994069" y="0.0006425304" z="0" />
    </Point>
    <Point Reduce="True" Selected="False" Grounded="0.35">
      <Position x="-5.998062" y="4.447065E-08" z="0" />
    </Point>
    <Point Selected="False">
      <Position x="-5.011962" y="4.447065E-08" z="0" />
    </Point>
    <Point Selected="False">
      <Position x="-4.493111" y="4.447065E-08" z="0" />
    </Point>
    <Point Selected="False">
      <Position x="-3.995708" y="4.447065E-08" z="0" />
    </Point>
    <Point Selected="False">
      <Position x="-3.498317" y="4.447065E-08" z="0" />
    </Point>
    <Point Selected="False">
      <Position x="-3.000928" y="4.447065E-08" z="0" />
    </Point>
    <Point Selected="False">
      <Position x="-2.497164" y="0.004158301" z="0" />
    </Point>
    <Point Selected="False">
      <Position x="-1.9934" y="4.447065E-08" z="0" />
    </Point>
    <Point Selected="False">
      <Position x="-1.496009" y="4.447065E-08" z="0" />
    </Point>
    <Point Selected="False">
      <Position x="-1.01137" y="4.447065E-08" z="0" />
    </Point>
    <Point Selected="False">
      <Position x="-0.4948478" y="4.447065E-08" z="0" />
    </Point>
    <Point Selected="False">
      <Position x="-0.0006023572" y="0.0002120954" z="0" />
    </Point>
    <Point Selected="False">
      <Position x="0.4967451" y="0.0001275699" z="0" />
    </Point>
    <Point Selected="False">
      <Position x="1.003689" y="0.0001275699" z="0" />
    </Point>
    <Point Selected="False">
      <Position x="1.501245" y="0.0001275699" z="0" />
    </Point>
    <Point Selected="False">
      <Position x="1.998801" y="0.0001275699" z="0" />
    </Point>
    <Point Selected="False">
      <Position x="2.505743" y="0.0052644" z="0" />
    </Point>
    <Point Selected="False">
      <Position x="3.003299" y="0.0001275699" z="0" />
    </Point>
    <Point Selected="False">
      <Position x="3.491467" y="0.0001275699" z="0" />
    </Point>
    <Point Selected="False">
      <Position x="3.99841" y="0.0001275699" z="0" />
    </Point>
    <Point Selected="False">
      <Position x="4.505354" y="0.0001275699" z="0" />
    </Point>
    <Point Selected="False">
      <Position x="4.995725" y="0.0004129544" z="0" />
    </Point>
    <Point Reduce="True" Selected="False" Grounded="0.35">
      <Position x="6.000946" y="0.0004129376" z="0" />
    </Point>
    <Point Reduce="True" Selected="False" Grounded="0.5">
      <Position x="6.989935" y="5.587935E-08" z="0" />
    </Point>
  </SurfaceShape>
  <SurfaceMaterials>
    <SurfaceMaterial UseTerrainAsMaterial="True">
      <StartPoint>0</StartPoint>
      <EndPoint>2</EndPoint>
      <texture_coordinate>
        <Angle>0</Angle>
        <scale x="1" y="1" />
        <offset x="0" y="0" />
      </texture_coordinate>
    </SurfaceMaterial>
    <SurfaceMaterial MaterialPath="Roads\Tarmac Light">
      <PerMeterCoverage>5</PerMeterCoverage>
      <ApplicationType>PerMeter</ApplicationType>
      <StartPoint>2</StartPoint>
      <EndPoint>12</EndPoint>
      <texture_coordinate>
        <Angle>0</Angle>
        <scale x="1" y="1" />
        <offset x="0" y="0" />
      </texture_coordinate>
    </SurfaceMaterial>
    <SurfaceMaterial MaterialPath="Roads\Tarmac Light">
      <PerMeterCoverage>5</PerMeterCoverage>
      <ApplicationType>PerMeter</ApplicationType>
      <StartPoint>12</StartPoint>
      <EndPoint>22</EndPoint>
      <texture_coordinate>
        <Angle>0</Angle>
        <scale x="1" y="1" />
        <offset x="0" y="0" />
      </texture_coordinate>
    </SurfaceMaterial>
    <SurfaceMaterial UseTerrainAsMaterial="True">
      <StartPoint>22</StartPoint>
      <EndPoint>24</EndPoint>
      <texture_coordinate>
        <Angle>0</Angle>
        <scale x="1" y="1" />
        <offset x="0" y="0" />
      </texture_coordinate>
    </SurfaceMaterial>
  </SurfaceMaterials>
</CrossSection>