<?xml version="1.0"?>
<CrossSection Name="" Path="Raceday\CrossSections\Wall\Fence\FenceHighBent1" Group="Fence" ForRoad="False" RollStrength="0.2" PanelLength="5">
  <SurfaceShape RoadLeft="0" RoadRight="0" Points="2">
    <Point Selected="False">
      <Position x="0" y="1" z="0" />
    </Point>
    <Point Selected="False">
      <Position x="0" y="-0.1" z="0" />
    </Point>
  </SurfaceShape>
  <SurfaceMaterials>
    <SurfaceMaterial MaterialPath="Wall\Fence\Fence001">
      <PerMeterCoverage>2</PerMeterCoverage>
      <ApplicationType>PerMeter</ApplicationType>
      <StartPoint>0</StartPoint>
      <EndPoint>1</EndPoint>
      <texture_coordinate>
        <Angle>0</Angle>
        <scale x="1" y="1" />
        <offset x="0" y="0" />
      </texture_coordinate>
    </SurfaceMaterial>
  </SurfaceMaterials>
</CrossSection>