<?xml version="1.0"?>
<SObject>
  <SObjectType>GuardRail</SObjectType>
  <LODIn>0</LODIn>
  <LODOut>1000</LODOut>
  <Start>
    <Pieces>
      <Piece>
        <Object>GuardRail\GR-R-Start</Object>
        <GroundedType>None</GroundedType>
        <CurveWithLine>True</CurveWithLine>
        <Scale x="1" y="1" z="1" />
      </Piece>
      <Piece>
        <Object>GuardRail\GR-R-2</Object>
        <GroundedType>None</GroundedType>
        <CurveWithLine>True</CurveWithLine>
        <Scale x="1" y="1" z="1" />
      </Piece>
    </Pieces>
  </Start>
  <Pattern>
    <Pieces>
      <Piece>
        <Object>GuardRail\GR-R-3</Object>
        <GroundedType>None</GroundedType>
        <CurveWithLine>True</CurveWithLine>
        <Scale x="1" y="1" z="1" />
      </Piece>
      <Piece>
        <Object>GuardRail\GR-R-T</Object>
        <GroundedType>None</GroundedType>
        <CurveWithLine>True</CurveWithLine>
        <Scale x="1" y="1" z="1" />
      </Piece>
      <Piece>
        <Object>GuardRail\GR-R-2</Object>
        <GroundedType>None</GroundedType>
        <CurveWithLine>True</CurveWithLine>
        <Scale x="1" y="1" z="1" />
      </Piece>
    </Pieces>
  </Pattern>
  <End>
    <Pieces>
      <Piece>
        <Object>GuardRail\GR-R-3</Object>
        <CurveWithLine>False</CurveWithLine>
        <Scale x="1" y="1" z="1" />
      </Piece>
      <Piece>
        <Object>GuardRail\GR-R-End</Object>
        <CurveWithLine>False</CurveWithLine>
        <Scale x="1" y="1" z="1" />
      </Piece>
    </Pieces>
  </End>
</SObject>