<?xml version="1.0"?>
<SObject>
  <SObjectType>Wall - Mixed</SObjectType>
  <LODIn>0</LODIn>
  <LODOut>1000</LODOut>
  <Start />
  <Pattern>
    <Pieces>
      <Piece>
        <Object>Wall\Fence 2\Wall 3W</Object>
        <GroundedType>None</GroundedType>
        <CurveWithLine>True</CurveWithLine>
        <Scale x="1" y="1" z="1" />
      </Piece>
      <Piece>
        <Object>Wall\Fence 2\Wall 3R</Object>
        <GroundedType>None</GroundedType>
        <CurveWithLine>True</CurveWithLine>
        <Scale x="1" y="1" z="1" />
      </Piece>
    </Pieces>
  </Pattern>
  <End />
</SObject>